211,/content/temporal_concat/211.jpg,first
530,/content/temporal_concat/530.jpg,second
310,/content/temporal_concat/310.jpg,second
276,/content/temporal_concat/276.jpg,first
575,/content/temporal_concat/575.jpg,first
147,/content/temporal_concat/147.jpg,first
507,/content/temporal_concat/507.jpg,first
49,/content/temporal_concat/49.jpg,first
491,/content/temporal_concat/491.jpg,second
123,/content/temporal_concat/123.jpg,first
304,/content/temporal_concat/304.jpg,first
677,/content/temporal_concat/677.jpg,second
345,/content/temporal_concat/345.jpg,second
227,/content/temporal_concat/227.jpg,first
28,/content/temporal_concat/28.jpg,first
470,/content/temporal_concat/470.jpg,first
596,/content/temporal_concat/596.jpg,second
557,/content/temporal_concat/557.jpg,second
361,/content/temporal_concat/361.jpg,first
277,/content/temporal_concat/277.jpg,second
16,/content/temporal_concat/16.jpg,first
467,/content/temporal_concat/467.jpg,second
257,/content/temporal_concat/257.jpg,first
228,/content/temporal_concat/228.jpg,first
270,/content/temporal_concat/270.jpg,second
709,/content/temporal_concat/709.jpg,second
164,/content/temporal_concat/164.jpg,first
84,/content/temporal_concat/84.jpg,second
58,/content/temporal_concat/58.jpg,first
163,/content/temporal_concat/163.jpg,second
109,/content/temporal_concat/109.jpg,second
63,/content/temporal_concat/63.jpg,first
508,/content/temporal_concat/508.jpg,second
608,/content/temporal_concat/608.jpg,second
177,/content/temporal_concat/177.jpg,second
660,/content/temporal_concat/660.jpg,second
14,/content/temporal_concat/14.jpg,first
374,/content/temporal_concat/374.jpg,first
239,/content/temporal_concat/239.jpg,first
641,/content/temporal_concat/641.jpg,second
415,/content/temporal_concat/415.jpg,second
50,/content/temporal_concat/50.jpg,first
339,/content/temporal_concat/339.jpg,second
83,/content/temporal_concat/83.jpg,first
214,/content/temporal_concat/214.jpg,first
712,/content/temporal_concat/712.jpg,second
500,/content/temporal_concat/500.jpg,first
294,/content/temporal_concat/294.jpg,first
45,/content/temporal_concat/45.jpg,first
309,/content/temporal_concat/309.jpg,first
453,/content/temporal_concat/453.jpg,first
434,/content/temporal_concat/434.jpg,second
541,/content/temporal_concat/541.jpg,second
693,/content/temporal_concat/693.jpg,second
53,/content/temporal_concat/53.jpg,second
422,/content/temporal_concat/422.jpg,second
494,/content/temporal_concat/494.jpg,second
15,/content/temporal_concat/15.jpg,second
69,/content/temporal_concat/69.jpg,second
597,/content/temporal_concat/597.jpg,first
210,/content/temporal_concat/210.jpg,second
315,/content/temporal_concat/315.jpg,first
67,/content/temporal_concat/67.jpg,first
305,/content/temporal_concat/305.jpg,second
385,/content/temporal_concat/385.jpg,second
234,/content/temporal_concat/234.jpg,first
396,/content/temporal_concat/396.jpg,first
180,/content/temporal_concat/180.jpg,second
157,/content/temporal_concat/157.jpg,first
448,/content/temporal_concat/448.jpg,first
689,/content/temporal_concat/689.jpg,first
90,/content/temporal_concat/90.jpg,second
38,/content/temporal_concat/38.jpg,first
130,/content/temporal_concat/130.jpg,second
560,/content/temporal_concat/560.jpg,second
73,/content/temporal_concat/73.jpg,second
694,/content/temporal_concat/694.jpg,second
17,/content/temporal_concat/17.jpg,second
362,/content/temporal_concat/362.jpg,first
247,/content/temporal_concat/247.jpg,first
478,/content/temporal_concat/478.jpg,second
316,/content/temporal_concat/316.jpg,first
327,/content/temporal_concat/327.jpg,first
323,/content/temporal_concat/323.jpg,second
271,/content/temporal_concat/271.jpg,second
131,/content/temporal_concat/131.jpg,first
13,/content/temporal_concat/13.jpg,second
30,/content/temporal_concat/30.jpg,second
679,/content/temporal_concat/679.jpg,second
140,/content/temporal_concat/140.jpg,first
145,/content/temporal_concat/145.jpg,first
201,/content/temporal_concat/201.jpg,second
563,/content/temporal_concat/563.jpg,first
118,/content/temporal_concat/118.jpg,first
265,/content/temporal_concat/265.jpg,first
137,/content/temporal_concat/137.jpg,first
449,/content/temporal_concat/449.jpg,first
572,/content/temporal_concat/572.jpg,second
119,/content/temporal_concat/119.jpg,second
680,/content/temporal_concat/680.jpg,first
687,/content/temporal_concat/687.jpg,first
298,/content/temporal_concat/298.jpg,first
226,/content/temporal_concat/226.jpg,second
334,/content/temporal_concat/334.jpg,first
653,/content/temporal_concat/653.jpg,second
190,/content/temporal_concat/190.jpg,second
483,/content/temporal_concat/483.jpg,second
79,/content/temporal_concat/79.jpg,second
417,/content/temporal_concat/417.jpg,first
515,/content/temporal_concat/515.jpg,first
544,/content/temporal_concat/544.jpg,second
513,/content/temporal_concat/513.jpg,second
675,/content/temporal_concat/675.jpg,first
8,/content/temporal_concat/8.jpg,first
231,/content/temporal_concat/231.jpg,second
221,/content/temporal_concat/221.jpg,first
183,/content/temporal_concat/183.jpg,second
487,/content/temporal_concat/487.jpg,first
389,/content/temporal_concat/389.jpg,first
664,/content/temporal_concat/664.jpg,second
11,/content/temporal_concat/11.jpg,second
75,/content/temporal_concat/75.jpg,second
587,/content/temporal_concat/587.jpg,second
519,/content/temporal_concat/519.jpg,second
129,/content/temporal_concat/129.jpg,second
162,/content/temporal_concat/162.jpg,first
698,/content/temporal_concat/698.jpg,second
355,/content/temporal_concat/355.jpg,second
654,/content/temporal_concat/654.jpg,first
237,/content/temporal_concat/237.jpg,second
280,/content/temporal_concat/280.jpg,second
598,/content/temporal_concat/598.jpg,first
275,/content/temporal_concat/275.jpg,first
138,/content/temporal_concat/138.jpg,first
96,/content/temporal_concat/96.jpg,second
134,/content/temporal_concat/134.jpg,second
18,/content/temporal_concat/18.jpg,first
696,/content/temporal_concat/696.jpg,second
91,/content/temporal_concat/91.jpg,second
610,/content/temporal_concat/610.jpg,first
382,/content/temporal_concat/382.jpg,first
61,/content/temporal_concat/61.jpg,second
360,/content/temporal_concat/360.jpg,first
699,/content/temporal_concat/699.jpg,first
97,/content/temporal_concat/97.jpg,second
414,/content/temporal_concat/414.jpg,first
300,/content/temporal_concat/300.jpg,first
3,/content/temporal_concat/3.jpg,second
351,/content/temporal_concat/351.jpg,second
72,/content/temporal_concat/72.jpg,first
565,/content/temporal_concat/565.jpg,first
160,/content/temporal_concat/160.jpg,second
378,/content/temporal_concat/378.jpg,second
251,/content/temporal_concat/251.jpg,first
307,/content/temporal_concat/307.jpg,first
166,/content/temporal_concat/166.jpg,first
509,/content/temporal_concat/509.jpg,second
510,/content/temporal_concat/510.jpg,first
502,/content/temporal_concat/502.jpg,first
390,/content/temporal_concat/390.jpg,first
115,/content/temporal_concat/115.jpg,first
671,/content/temporal_concat/671.jpg,first
400,/content/temporal_concat/400.jpg,first
340,/content/temporal_concat/340.jpg,second
52,/content/temporal_concat/52.jpg,second
549,/content/temporal_concat/549.jpg,first
100,/content/temporal_concat/100.jpg,second
101,/content/temporal_concat/101.jpg,second
82,/content/temporal_concat/82.jpg,second
342,/content/temporal_concat/342.jpg,first
99,/content/temporal_concat/99.jpg,second
31,/content/temporal_concat/31.jpg,first
442,/content/temporal_concat/442.jpg,first
441,/content/temporal_concat/441.jpg,second
98,/content/temporal_concat/98.jpg,second
352,/content/temporal_concat/352.jpg,first
122,/content/temporal_concat/122.jpg,first
581,/content/temporal_concat/581.jpg,first
279,/content/temporal_concat/279.jpg,second
66,/content/temporal_concat/66.jpg,first
663,/content/temporal_concat/663.jpg,first
229,/content/temporal_concat/229.jpg,first
86,/content/temporal_concat/86.jpg,second
495,/content/temporal_concat/495.jpg,first
6,/content/temporal_concat/6.jpg,first
222,/content/temporal_concat/222.jpg,first
241,/content/temporal_concat/241.jpg,first
533,/content/temporal_concat/533.jpg,first
149,/content/temporal_concat/149.jpg,second
185,/content/temporal_concat/185.jpg,first
599,/content/temporal_concat/599.jpg,second
716,/content/temporal_concat/716.jpg,second
592,/content/temporal_concat/592.jpg,second
552,/content/temporal_concat/552.jpg,first
577,/content/temporal_concat/577.jpg,first
350,/content/temporal_concat/350.jpg,first
87,/content/temporal_concat/87.jpg,second
39,/content/temporal_concat/39.jpg,first
212,/content/temporal_concat/212.jpg,second
407,/content/temporal_concat/407.jpg,second
236,/content/temporal_concat/236.jpg,second
426,/content/temporal_concat/426.jpg,second
158,/content/temporal_concat/158.jpg,second
371,/content/temporal_concat/371.jpg,second
256,/content/temporal_concat/256.jpg,second
205,/content/temporal_concat/205.jpg,second
35,/content/temporal_concat/35.jpg,first
561,/content/temporal_concat/561.jpg,first
64,/content/temporal_concat/64.jpg,second
703,/content/temporal_concat/703.jpg,first
194,/content/temporal_concat/194.jpg,first
619,/content/temporal_concat/619.jpg,first
333,/content/temporal_concat/333.jpg,first
338,/content/temporal_concat/338.jpg,second
432,/content/temporal_concat/432.jpg,second
523,/content/temporal_concat/523.jpg,first
70,/content/temporal_concat/70.jpg,first
595,/content/temporal_concat/595.jpg,first
652,/content/temporal_concat/652.jpg,first
437,/content/temporal_concat/437.jpg,first
472,/content/temporal_concat/472.jpg,first
602,/content/temporal_concat/602.jpg,second
107,/content/temporal_concat/107.jpg,second
47,/content/temporal_concat/47.jpg,second
364,/content/temporal_concat/364.jpg,second
401,/content/temporal_concat/401.jpg,second
332,/content/temporal_concat/332.jpg,second
562,/content/temporal_concat/562.jpg,first
501,/content/temporal_concat/501.jpg,first
219,/content/temporal_concat/219.jpg,second
627,/content/temporal_concat/627.jpg,second
121,/content/temporal_concat/121.jpg,first
668,/content/temporal_concat/668.jpg,first
155,/content/temporal_concat/155.jpg,first
477,/content/temporal_concat/477.jpg,first
690,/content/temporal_concat/690.jpg,second
290,/content/temporal_concat/290.jpg,first
484,/content/temporal_concat/484.jpg,second
325,/content/temporal_concat/325.jpg,second
697,/content/temporal_concat/697.jpg,second
245,/content/temporal_concat/245.jpg,first
151,/content/temporal_concat/151.jpg,first
686,/content/temporal_concat/686.jpg,second
192,/content/temporal_concat/192.jpg,second
353,/content/temporal_concat/353.jpg,second
398,/content/temporal_concat/398.jpg,second
368,/content/temporal_concat/368.jpg,second
412,/content/temporal_concat/412.jpg,second
593,/content/temporal_concat/593.jpg,second
666,/content/temporal_concat/666.jpg,second
188,/content/temporal_concat/188.jpg,first
19,/content/temporal_concat/19.jpg,first
42,/content/temporal_concat/42.jpg,first
454,/content/temporal_concat/454.jpg,second
142,/content/temporal_concat/142.jpg,second
462,/content/temporal_concat/462.jpg,second
558,/content/temporal_concat/558.jpg,second
692,/content/temporal_concat/692.jpg,second
126,/content/temporal_concat/126.jpg,first
650,/content/temporal_concat/650.jpg,second
57,/content/temporal_concat/57.jpg,first
503,/content/temporal_concat/503.jpg,second
423,/content/temporal_concat/423.jpg,second
474,/content/temporal_concat/474.jpg,second
4,/content/temporal_concat/4.jpg,first
644,/content/temporal_concat/644.jpg,first
29,/content/temporal_concat/29.jpg,first
388,/content/temporal_concat/388.jpg,second
456,/content/temporal_concat/456.jpg,first
658,/content/temporal_concat/658.jpg,second
287,/content/temporal_concat/287.jpg,first
306,/content/temporal_concat/306.jpg,second
455,/content/temporal_concat/455.jpg,second
301,/content/temporal_concat/301.jpg,second
5,/content/temporal_concat/5.jpg,second
525,/content/temporal_concat/525.jpg,second
37,/content/temporal_concat/37.jpg,second
674,/content/temporal_concat/674.jpg,second
71,/content/temporal_concat/71.jpg,second
169,/content/temporal_concat/169.jpg,second
473,/content/temporal_concat/473.jpg,second
440,/content/temporal_concat/440.jpg,second
329,/content/temporal_concat/329.jpg,second
377,/content/temporal_concat/377.jpg,first
359,/content/temporal_concat/359.jpg,first
410,/content/temporal_concat/410.jpg,first
648,/content/temporal_concat/648.jpg,first
471,/content/temporal_concat/471.jpg,first
20,/content/temporal_concat/20.jpg,first
620,/content/temporal_concat/620.jpg,first
196,/content/temporal_concat/196.jpg,second
266,/content/temporal_concat/266.jpg,first
431,/content/temporal_concat/431.jpg,second
273,/content/temporal_concat/273.jpg,second
182,/content/temporal_concat/182.jpg,first
216,/content/temporal_concat/216.jpg,first
683,/content/temporal_concat/683.jpg,first
215,/content/temporal_concat/215.jpg,second
618,/content/temporal_concat/618.jpg,second
681,/content/temporal_concat/681.jpg,second
289,/content/temporal_concat/289.jpg,first
428,/content/temporal_concat/428.jpg,first
161,/content/temporal_concat/161.jpg,second
418,/content/temporal_concat/418.jpg,first
566,/content/temporal_concat/566.jpg,first
178,/content/temporal_concat/178.jpg,second
384,/content/temporal_concat/384.jpg,first
570,/content/temporal_concat/570.jpg,first
528,/content/temporal_concat/528.jpg,second
202,/content/temporal_concat/202.jpg,second
223,/content/temporal_concat/223.jpg,first
141,/content/temporal_concat/141.jpg,first
207,/content/temporal_concat/207.jpg,second
56,/content/temporal_concat/56.jpg,second
156,/content/temporal_concat/156.jpg,second
125,/content/temporal_concat/125.jpg,second
475,/content/temporal_concat/475.jpg,second
615,/content/temporal_concat/615.jpg,second
706,/content/temporal_concat/706.jpg,second
77,/content/temporal_concat/77.jpg,first
405,/content/temporal_concat/405.jpg,second
394,/content/temporal_concat/394.jpg,second
397,/content/temporal_concat/397.jpg,second
594,/content/temporal_concat/594.jpg,second
296,/content/temporal_concat/296.jpg,first
113,/content/temporal_concat/113.jpg,first
605,/content/temporal_concat/605.jpg,first
376,/content/temporal_concat/376.jpg,second
630,/content/temporal_concat/630.jpg,first
27,/content/temporal_concat/27.jpg,second
331,/content/temporal_concat/331.jpg,first
242,/content/temporal_concat/242.jpg,first
59,/content/temporal_concat/59.jpg,first
678,/content/temporal_concat/678.jpg,first
682,/content/temporal_concat/682.jpg,first
114,/content/temporal_concat/114.jpg,second
154,/content/temporal_concat/154.jpg,first
170,/content/temporal_concat/170.jpg,second
702,/content/temporal_concat/702.jpg,first
564,/content/temporal_concat/564.jpg,second
358,/content/temporal_concat/358.jpg,first
586,/content/temporal_concat/586.jpg,first
278,/content/temporal_concat/278.jpg,second
379,/content/temporal_concat/379.jpg,second
346,/content/temporal_concat/346.jpg,first
531,/content/temporal_concat/531.jpg,second
713,/content/temporal_concat/713.jpg,first
21,/content/temporal_concat/21.jpg,first
148,/content/temporal_concat/148.jpg,second
272,/content/temporal_concat/272.jpg,first
537,/content/temporal_concat/537.jpg,second
611,/content/temporal_concat/611.jpg,second
430,/content/temporal_concat/430.jpg,second
485,/content/temporal_concat/485.jpg,second
274,/content/temporal_concat/274.jpg,second
512,/content/temporal_concat/512.jpg,first
567,/content/temporal_concat/567.jpg,second
492,/content/temporal_concat/492.jpg,first
391,/content/temporal_concat/391.jpg,second
299,/content/temporal_concat/299.jpg,first
74,/content/temporal_concat/74.jpg,first
220,/content/temporal_concat/220.jpg,first
23,/content/temporal_concat/23.jpg,second
526,/content/temporal_concat/526.jpg,first
588,/content/temporal_concat/588.jpg,second
514,/content/temporal_concat/514.jpg,second
44,/content/temporal_concat/44.jpg,second
543,/content/temporal_concat/543.jpg,first
637,/content/temporal_concat/637.jpg,second
136,/content/temporal_concat/136.jpg,second
132,/content/temporal_concat/132.jpg,first
62,/content/temporal_concat/62.jpg,first
146,/content/temporal_concat/146.jpg,second
172,/content/temporal_concat/172.jpg,first
536,/content/temporal_concat/536.jpg,first
171,/content/temporal_concat/171.jpg,first
40,/content/temporal_concat/40.jpg,first
317,/content/temporal_concat/317.jpg,first
243,/content/temporal_concat/243.jpg,second
187,/content/temporal_concat/187.jpg,first
267,/content/temporal_concat/267.jpg,second
493,/content/temporal_concat/493.jpg,second
95,/content/temporal_concat/95.jpg,second
465,/content/temporal_concat/465.jpg,second
76,/content/temporal_concat/76.jpg,second
604,/content/temporal_concat/604.jpg,first
372,/content/temporal_concat/372.jpg,first
176,/content/temporal_concat/176.jpg,first
535,/content/temporal_concat/535.jpg,first
676,/content/temporal_concat/676.jpg,second
285,/content/temporal_concat/285.jpg,first
520,/content/temporal_concat/520.jpg,second
486,/content/temporal_concat/486.jpg,second
7,/content/temporal_concat/7.jpg,second
357,/content/temporal_concat/357.jpg,second
24,/content/temporal_concat/24.jpg,second
55,/content/temporal_concat/55.jpg,first
60,/content/temporal_concat/60.jpg,second
468,/content/temporal_concat/468.jpg,second
701,/content/temporal_concat/701.jpg,second
550,/content/temporal_concat/550.jpg,first
629,/content/temporal_concat/629.jpg,first
46,/content/temporal_concat/46.jpg,first
159,/content/temporal_concat/159.jpg,second
451,/content/temporal_concat/451.jpg,second
603,/content/temporal_concat/603.jpg,second
116,/content/temporal_concat/116.jpg,first
322,/content/temporal_concat/322.jpg,second
203,/content/temporal_concat/203.jpg,second
659,/content/temporal_concat/659.jpg,second
330,/content/temporal_concat/330.jpg,first
218,/content/temporal_concat/218.jpg,second
175,/content/temporal_concat/175.jpg,first
337,/content/temporal_concat/337.jpg,first
413,/content/temporal_concat/413.jpg,second
715,/content/temporal_concat/715.jpg,first
341,/content/temporal_concat/341.jpg,second
383,/content/temporal_concat/383.jpg,first
321,/content/temporal_concat/321.jpg,second
579,/content/temporal_concat/579.jpg,first
409,/content/temporal_concat/409.jpg,first
319,/content/temporal_concat/319.jpg,second
590,/content/temporal_concat/590.jpg,first
436,/content/temporal_concat/436.jpg,second
282,/content/temporal_concat/282.jpg,second
626,/content/temporal_concat/626.jpg,first
450,/content/temporal_concat/450.jpg,first
314,/content/temporal_concat/314.jpg,first
181,/content/temporal_concat/181.jpg,first
559,/content/temporal_concat/559.jpg,first
569,/content/temporal_concat/569.jpg,second
199,/content/temporal_concat/199.jpg,first
527,/content/temporal_concat/527.jpg,first
233,/content/temporal_concat/233.jpg,first
647,/content/temporal_concat/647.jpg,second
43,/content/temporal_concat/43.jpg,first
452,/content/temporal_concat/452.jpg,second
640,/content/temporal_concat/640.jpg,first
421,/content/temporal_concat/421.jpg,second
41,/content/temporal_concat/41.jpg,second
554,/content/temporal_concat/554.jpg,first
446,/content/temporal_concat/446.jpg,second
197,/content/temporal_concat/197.jpg,second
571,/content/temporal_concat/571.jpg,first
26,/content/temporal_concat/26.jpg,first
464,/content/temporal_concat/464.jpg,second
246,/content/temporal_concat/246.jpg,second
662,/content/temporal_concat/662.jpg,first
224,/content/temporal_concat/224.jpg,second
447,/content/temporal_concat/447.jpg,second
105,/content/temporal_concat/105.jpg,second
117,/content/temporal_concat/117.jpg,second
617,/content/temporal_concat/617.jpg,first
522,/content/temporal_concat/522.jpg,second
649,/content/temporal_concat/649.jpg,first
673,/content/temporal_concat/673.jpg,first
591,/content/temporal_concat/591.jpg,second
547,/content/temporal_concat/547.jpg,second
667,/content/temporal_concat/667.jpg,first
504,/content/temporal_concat/504.jpg,second
511,/content/temporal_concat/511.jpg,second
461,/content/temporal_concat/461.jpg,first
1,/content/temporal_concat/1.jpg,first
614,/content/temporal_concat/614.jpg,second
32,/content/temporal_concat/32.jpg,first
106,/content/temporal_concat/106.jpg,first
193,/content/temporal_concat/193.jpg,first
139,/content/temporal_concat/139.jpg,second
429,/content/temporal_concat/429.jpg,first
356,/content/temporal_concat/356.jpg,second
344,/content/temporal_concat/344.jpg,second
10,/content/temporal_concat/10.jpg,first
152,/content/temporal_concat/152.jpg,second
710,/content/temporal_concat/710.jpg,first
556,/content/temporal_concat/556.jpg,second
568,/content/temporal_concat/568.jpg,first
347,/content/temporal_concat/347.jpg,first
262,/content/temporal_concat/262.jpg,first
232,/content/temporal_concat/232.jpg,first
94,/content/temporal_concat/94.jpg,first
639,/content/temporal_concat/639.jpg,second
302,/content/temporal_concat/302.jpg,first
578,/content/temporal_concat/578.jpg,first
670,/content/temporal_concat/670.jpg,second
143,/content/temporal_concat/143.jpg,second
661,/content/temporal_concat/661.jpg,first
179,/content/temporal_concat/179.jpg,second
633,/content/temporal_concat/633.jpg,second
420,/content/temporal_concat/420.jpg,second
458,/content/temporal_concat/458.jpg,first
498,/content/temporal_concat/498.jpg,second
708,/content/temporal_concat/708.jpg,first
259,/content/temporal_concat/259.jpg,first
669,/content/temporal_concat/669.jpg,second
445,/content/temporal_concat/445.jpg,second
425,/content/temporal_concat/425.jpg,second
497,/content/temporal_concat/497.jpg,second
438,/content/temporal_concat/438.jpg,first
419,/content/temporal_concat/419.jpg,second
606,/content/temporal_concat/606.jpg,first
225,/content/temporal_concat/225.jpg,first
540,/content/temporal_concat/540.jpg,second
103,/content/temporal_concat/103.jpg,first
264,/content/temporal_concat/264.jpg,first
268,/content/temporal_concat/268.jpg,second
585,/content/temporal_concat/585.jpg,second
48,/content/temporal_concat/48.jpg,first
120,/content/temporal_concat/120.jpg,first
704,/content/temporal_concat/704.jpg,second
672,/content/temporal_concat/672.jpg,first
517,/content/temporal_concat/517.jpg,first
36,/content/temporal_concat/36.jpg,first
186,/content/temporal_concat/186.jpg,second
499,/content/temporal_concat/499.jpg,first
25,/content/temporal_concat/25.jpg,first
480,/content/temporal_concat/480.jpg,second
165,/content/temporal_concat/165.jpg,second
92,/content/temporal_concat/92.jpg,second
349,/content/temporal_concat/349.jpg,first
326,/content/temporal_concat/326.jpg,first
607,/content/temporal_concat/607.jpg,first
621,/content/temporal_concat/621.jpg,first
249,/content/temporal_concat/249.jpg,first
65,/content/temporal_concat/65.jpg,second
408,/content/temporal_concat/408.jpg,first
665,/content/temporal_concat/665.jpg,first
335,/content/temporal_concat/335.jpg,second
623,/content/temporal_concat/623.jpg,second
634,/content/temporal_concat/634.jpg,second
459,/content/temporal_concat/459.jpg,first
198,/content/temporal_concat/198.jpg,first
12,/content/temporal_concat/12.jpg,first
260,/content/temporal_concat/260.jpg,first
444,/content/temporal_concat/444.jpg,first
313,/content/temporal_concat/313.jpg,second
230,/content/temporal_concat/230.jpg,second
589,/content/temporal_concat/589.jpg,first
281,/content/temporal_concat/281.jpg,first
439,/content/temporal_concat/439.jpg,second
404,/content/temporal_concat/404.jpg,second
576,/content/temporal_concat/576.jpg,second
460,/content/temporal_concat/460.jpg,second
288,/content/temporal_concat/288.jpg,first
489,/content/temporal_concat/489.jpg,second
482,/content/temporal_concat/482.jpg,second
406,/content/temporal_concat/406.jpg,first
717,/content/temporal_concat/717.jpg,second
457,/content/temporal_concat/457.jpg,first
284,/content/temporal_concat/284.jpg,first
580,/content/temporal_concat/580.jpg,first
636,/content/temporal_concat/636.jpg,second
625,/content/temporal_concat/625.jpg,second
381,/content/temporal_concat/381.jpg,second
583,/content/temporal_concat/583.jpg,first
150,/content/temporal_concat/150.jpg,first
638,/content/temporal_concat/638.jpg,first
269,/content/temporal_concat/269.jpg,second
600,/content/temporal_concat/600.jpg,first
433,/content/temporal_concat/433.jpg,second
496,/content/temporal_concat/496.jpg,first
127,/content/temporal_concat/127.jpg,first
601,/content/temporal_concat/601.jpg,second
380,/content/temporal_concat/380.jpg,first
427,/content/temporal_concat/427.jpg,first
695,/content/temporal_concat/695.jpg,second
291,/content/temporal_concat/291.jpg,first
718,/content/temporal_concat/718.jpg,second
250,/content/temporal_concat/250.jpg,second
343,/content/temporal_concat/343.jpg,second
574,/content/temporal_concat/574.jpg,first
443,/content/temporal_concat/443.jpg,first
173,/content/temporal_concat/173.jpg,second
632,/content/temporal_concat/632.jpg,first
646,/content/temporal_concat/646.jpg,first
375,/content/temporal_concat/375.jpg,first
370,/content/temporal_concat/370.jpg,first
